{
    "level1": {
        "rec.autos": {
            "precision_ilp": 0.8220338983050848,
            "recall_ilp": 0.8220338983050848,
            "f1_ilp": 0.8220338983050847,
            "precision_normal": 0.8243626062322946,
            "recall_normal": 0.8220338983050848,
            "f1_normal": 0.8231966053748232,
            "precision_sequential": 0.8133704735376045,
            "recall_sequential": 0.8248587570621468,
            "f1_sequential": 0.8190743338008416,
            "support": 354
        },
        "comp.windows": {
            "precision_ilp": 0.8274932614555256,
            "recall_ilp": 0.8297297297297297,
            "f1_ilp": 0.8286099865047234,
            "precision_normal": 0.8274932614555256,
            "recall_normal": 0.8297297297297297,
            "f1_normal": 0.8286099865047234,
            "precision_sequential": 0.8257372654155496,
            "recall_sequential": 0.8324324324324325,
            "f1_sequential": 0.82907133243607,
            "support": 370
        },
        "talk.politics": {
            "precision_ilp": 0.8076190476190476,
            "recall_ilp": 0.8635437881873728,
            "f1_ilp": 0.8346456692913385,
            "precision_normal": 0.7973856209150327,
            "recall_normal": 0.869653767820774,
            "f1_normal": 0.8319532391622018,
            "precision_sequential": 0.8167641325536062,
            "recall_sequential": 0.8533604887983707,
            "f1_sequential": 0.8346613545816733,
            "support": 982
        },
        "talk.religion": {
            "precision_ilp": 0.3137254901960784,
            "recall_ilp": 0.20869565217391303,
            "f1_ilp": 0.2506527415143603,
            "precision_normal": 0.3087248322147651,
            "recall_normal": 0.2,
            "f1_normal": 0.24274406332453827,
            "precision_sequential": 0.3081761006289308,
            "recall_sequential": 0.21304347826086956,
            "f1_sequential": 0.2519280205655527,
            "support": 230
        },
        "alt.atheism": {
            "precision_ilp": 0.5276595744680851,
            "recall_ilp": 0.42758620689655175,
            "f1_ilp": 0.47238095238095235,
            "precision_normal": 0.5321888412017167,
            "recall_normal": 0.42758620689655175,
            "f1_normal": 0.4741873804971319,
            "precision_sequential": 0.5274261603375527,
            "recall_sequential": 0.43103448275862066,
            "f1_sequential": 0.47438330170777987,
            "support": 290
        },
        "sci.med": {
            "precision_ilp": 0.8785310734463276,
            "recall_ilp": 0.8382749326145552,
            "f1_ilp": 0.8579310344827585,
            "precision_normal": 0.8806818181818182,
            "recall_normal": 0.8355795148247979,
            "f1_normal": 0.8575380359612725,
            "precision_sequential": 0.8785310734463276,
            "recall_sequential": 0.8382749326145552,
            "f1_sequential": 0.8579310344827585,
            "support": 371
        },
        "soc.religion": {
            "precision_ilp": 0.7094594594594594,
            "recall_ilp": 0.8289473684210527,
            "f1_ilp": 0.7645631067961165,
            "precision_normal": 0.7094594594594594,
            "recall_normal": 0.8289473684210527,
            "f1_normal": 0.7645631067961165,
            "precision_sequential": 0.7094594594594594,
            "recall_sequential": 0.8289473684210527,
            "f1_sequential": 0.7645631067961165,
            "support": 380
        },
        "comp.os": {
            "precision_ilp": 0.6363636363636364,
            "recall_ilp": 0.7208672086720868,
            "f1_ilp": 0.6759847522236341,
            "precision_normal": 0.6437346437346437,
            "recall_normal": 0.7100271002710027,
            "f1_normal": 0.6752577319587629,
            "precision_sequential": 0.6309523809523809,
            "recall_sequential": 0.7181571815718157,
            "f1_sequential": 0.6717363751584284,
            "support": 369
        },
        "comp.graphics": {
            "precision_ilp": 0.7236467236467237,
            "recall_ilp": 0.6864864864864865,
            "f1_ilp": 0.7045769764216366,
            "precision_normal": 0.7277936962750716,
            "recall_normal": 0.6864864864864865,
            "f1_normal": 0.7065368567454798,
            "precision_sequential": 0.7195467422096318,
            "recall_sequential": 0.6864864864864865,
            "f1_sequential": 0.7026279391424619,
            "support": 370
        },
        "rec.motorcycles": {
            "precision_ilp": 0.8585526315789473,
            "recall_ilp": 0.7229916897506925,
            "f1_ilp": 0.7849624060150376,
            "precision_normal": 0.8609271523178808,
            "recall_normal": 0.7202216066481995,
            "f1_normal": 0.7843137254901961,
            "precision_sequential": 0.8506493506493507,
            "recall_sequential": 0.7257617728531855,
            "f1_sequential": 0.7832585949177877,
            "support": 361
        },
        "comp.sys": {
            "precision_ilp": 0.7997329773030708,
            "recall_ilp": 0.8149659863945579,
            "f1_ilp": 0.807277628032345,
            "precision_normal": 0.7910643889618922,
            "recall_normal": 0.819047619047619,
            "f1_normal": 0.8048128342245989,
            "precision_sequential": 0.8054054054054054,
            "recall_sequential": 0.8108843537414966,
            "f1_sequential": 0.808135593220339,
            "support": 735
        },
        "misc.forsale": {
            "precision_ilp": 0.8943089430894309,
            "recall_ilp": 0.8967391304347826,
            "f1_ilp": 0.8955223880597015,
            "precision_normal": 0.8943089430894309,
            "recall_normal": 0.8967391304347826,
            "f1_normal": 0.8955223880597015,
            "precision_sequential": 0.8900804289544236,
            "recall_sequential": 0.9021739130434783,
            "f1_sequential": 0.8960863697705803,
            "support": 368
        },
        "sci.space": {
            "precision_ilp": 0.6584867075664622,
            "recall_ilp": 0.875,
            "f1_ilp": 0.751458576429405,
            "precision_normal": 0.6591375770020534,
            "recall_normal": 0.8722826086956522,
            "f1_normal": 0.7508771929824561,
            "precision_sequential": 0.6571428571428571,
            "recall_sequential": 0.875,
            "f1_sequential": 0.7505827505827506,
            "support": 368
        },
        "sci.crypt": {
            "precision_ilp": 0.8323529411764706,
            "recall_ilp": 0.7861111111111111,
            "f1_ilp": 0.8085714285714286,
            "precision_normal": 0.8484848484848485,
            "recall_normal": 0.7777777777777778,
            "f1_normal": 0.8115942028985507,
            "precision_sequential": 0.8265895953757225,
            "recall_sequential": 0.7944444444444444,
            "f1_sequential": 0.810198300283286,
            "support": 360
        },
        "sci.electronics": {
            "precision_ilp": 0.7079646017699115,
            "recall_ilp": 0.6539509536784741,
            "f1_ilp": 0.6798866855524078,
            "precision_normal": 0.7091988130563798,
            "recall_normal": 0.6512261580381471,
            "f1_normal": 0.6789772727272727,
            "precision_sequential": 0.7058823529411765,
            "recall_sequential": 0.6539509536784741,
            "f1_sequential": 0.6789250353606789,
            "support": 367
        },
        "rec.sport": {
            "precision_ilp": 0.9856938483547926,
            "recall_ilp": 0.9260752688172043,
            "f1_ilp": 0.954954954954955,
            "precision_normal": 0.9829545454545454,
            "recall_normal": 0.9301075268817204,
            "f1_normal": 0.9558011049723756,
            "precision_sequential": 0.9870875179340028,
            "recall_sequential": 0.9247311827956989,
            "f1_sequential": 0.9548924358084664,