{
    "level1": {
        "rec.autos": {
            "precision_ilp": 0.782608695652174,
            "recall_ilp": 0.8135593220338984,
            "f1_ilp": 0.7977839335180056,
            "precision_normal": 0.7868852459016393,
            "recall_normal": 0.8135593220338984,
            "f1_normal": 0.8,
            "precision_sequential": 0.7831978319783198,
            "recall_sequential": 0.8163841807909604,
            "f1_sequential": 0.7994467496542187,
            "support": 354
        },
        "comp.windows": {
            "precision_ilp": 0.9133333333333333,
            "recall_ilp": 0.7405405405405405,
            "f1_ilp": 0.8179104477611939,
            "precision_normal": 0.9130434782608695,
            "recall_normal": 0.7378378378378379,
            "f1_normal": 0.8161434977578477,
            "precision_sequential": 0.9136212624584718,
            "recall_sequential": 0.7432432432432432,
            "f1_sequential": 0.819672131147541,
            "support": 370
        },
        "talk.politics": {
            "precision_ilp": 0.8382936507936508,
            "recall_ilp": 0.860488798370672,
            "f1_ilp": 0.8492462311557789,
            "precision_normal": 0.8264223722275795,
            "recall_normal": 0.8727087576374746,
            "f1_normal": 0.8489351163942546,
            "precision_sequential": 0.8511722731906218,
            "recall_sequential": 0.8503054989816701,
            "f1_sequential": 0.8507386653082016,
            "support": 982
        },
        "talk.religion": {
            "precision_ilp": 0.2845528455284553,
            "recall_ilp": 0.15217391304347827,
            "f1_ilp": 0.19830028328611898,
            "precision_normal": 0.3008849557522124,
            "recall_normal": 0.14782608695652175,
            "f1_normal": 0.19825072886297376,
            "precision_sequential": 0.2803030303030303,
            "recall_sequential": 0.1608695652173913,
            "f1_sequential": 0.20441988950276244,
            "support": 230
        },
        "alt.atheism": {
            "precision_ilp": 0.4363207547169811,
            "recall_ilp": 0.6379310344827587,
            "f1_ilp": 0.5182072829131653,
            "precision_normal": 0.43990384615384615,
            "recall_normal": 0.6310344827586207,
            "f1_normal": 0.518413597733711,
            "precision_sequential": 0.4298850574712644,
            "recall_sequential": 0.6448275862068965,
            "f1_sequential": 0.5158620689655172,
            "support": 290
        },
        "sci.med": {
            "precision_ilp": 0.8590785907859079,
            "recall_ilp": 0.8544474393530997,
            "f1_ilp": 0.8567567567567568,
            "precision_normal": 0.8614130434782609,
            "recall_normal": 0.8544474393530997,
            "f1_normal": 0.857916102841678,
            "precision_sequential": 0.8567567567567568,
            "recall_sequential": 0.8544474393530997,
            "f1_sequential": 0.8556005398110662,
            "support": 371
        },
        "soc.religion": {
            "precision_ilp": 0.7592067988668555,
            "recall_ilp": 0.7052631578947368,
            "f1_ilp": 0.7312414733969985,
            "precision_normal": 0.7592067988668555,
            "recall_normal": 0.7052631578947368,
            "f1_normal": 0.7312414733969985,
            "precision_sequential": 0.7592067988668555,
            "recall_sequential": 0.7052631578947368,
            "f1_sequential": 0.7312414733969985,
            "support": 380
        },
        "comp.graphics": {
            "precision_ilp": 0.7342857142857143,
            "recall_ilp": 0.6945945945945946,
            "f1_ilp": 0.7138888888888889,
            "precision_normal": 0.7427745664739884,
            "recall_normal": 0.6945945945945946,
            "f1_normal": 0.7178770949720671,
            "precision_sequential": 0.7342857142857143,
            "recall_sequential": 0.6945945945945946,
            "f1_sequential": 0.7138888888888889,
            "support": 370
        },
        "comp.os": {
            "precision_ilp": 0.607981220657277,
            "recall_ilp": 0.7018970189701897,
            "f1_ilp": 0.6515723270440252,
            "precision_normal": 0.6326034063260341,
            "recall_normal": 0.7046070460704607,
            "f1_normal": 0.6666666666666666,
            "precision_sequential": 0.6078886310904872,
            "recall_sequential": 0.7100271002710027,
            "f1_sequential": 0.655,
            "support": 369
        },
        "rec.motorcycles": {
            "precision_ilp": 0.7728613569321534,
            "recall_ilp": 0.7257617728531855,
            "f1_ilp": 0.7485714285714286,
            "precision_normal": 0.7804154302670623,
            "recall_normal": 0.7285318559556787,
            "f1_normal": 0.7535816618911174,
            "precision_sequential": 0.7712609970674487,
            "recall_sequential": 0.7285318559556787,
            "f1_sequential": 0.7492877492877492,
            "support": 361
        },
        "comp.sys": {
            "precision_ilp": 0.740072202166065,
            "recall_ilp": 0.8367346938775511,
            "f1_ilp": 0.7854406130268199,
            "precision_normal": 0.7286374133949192,
            "recall_normal": 0.8585034013605443,
            "f1_normal": 0.7882573391630232,
            "precision_sequential": 0.7481662591687042,
            "recall_sequential": 0.8326530612244898,
            "f1_sequential": 0.7881519639407598,
            "support": 735
        },
        "misc.forsale": {
            "precision_ilp": 0.7862407862407862,
            "recall_ilp": 0.8695652173913043,
            "f1_ilp": 0.8258064516129032,
            "precision_normal": 0.7871287128712872,
            "recall_normal": 0.8641304347826086,
            "f1_normal": 0.8238341968911918,
            "precision_sequential": 0.7804878048780488,
            "recall_sequential": 0.8695652173913043,
            "f1_sequential": 0.8226221079691517,
            "support": 368
        },
        "sci.space": {
            "precision_ilp": 0.7727272727272727,
            "recall_ilp": 0.8315217391304348,
            "f1_ilp": 0.8010471204188482,
            "precision_normal": 0.7760814249363868,
            "recall_normal": 0.8288043478260869,
            "f1_normal": 0.8015768725361366,
            "precision_sequential": 0.7707808564231738,
            "recall_sequential": 0.8315217391304348,
            "f1_sequential": 0.8000000000000002,
            "support": 368
        },
        "sci.crypt": {
            "precision_ilp": 0.7861271676300579,
            "recall_ilp": 0.7555555555555555,
            "f1_ilp": 0.7705382436260624,
            "precision_normal": 0.7958579881656804,
            "recall_normal": 0.7472222222222222,
            "f1_normal": 0.7707736389684814,
            "precision_sequential": 0.7851002865329513,
            "recall_sequential": 0.7611111111111111,
            "f1_sequential": 0.7729196050775741,
            "support": 360
        },
        "rec.sport": {
            "precision_ilp": 0.9886524822695035,
            "recall_ilp": 0.9368279569892473,
            "f1_ilp": 0.9620427881297446,
            "precision_normal": 0.9872881355932204,
            "recall_normal": 0.9395161290322581,
            "f1_normal": 0.9628099173553719,
            "precision_sequential": 0.9914651493598862,
            "recall_sequential": 0.9368279569892473,
            "f1_sequential": 0.9633724948168624,
            "support": 744
        },
        "sci.electronics": {
            "precision_ilp": 0.7116788321167883,
            "recall_ilp": 0.5313351498637602,
            "f1_ilp": 0.608424336973479,
            "precision_normal": 0.7234848484848485,
            "recall_normal": 0.5204359673024523,
            "f1_normal": 0.6053882725832012,
            "precision_sequential": 0.7025089605734767,
            "recall_sequential": 0.5340599455040872,