{
    "level1": {
        "rec.autos": {
            "precision_ilp": 0.7939560439560439,
            "recall_ilp": 0.8163841807909604,
            "f1_ilp": 0.8050139275766015,
            "precision_normal": 0.7955801104972375,
            "recall_normal": 0.8135593220338984,
            "f1_normal": 0.8044692737430167,
            "precision_sequential": 0.7945205479452054,
            "recall_sequential": 0.8192090395480226,
            "f1_sequential": 0.8066759388038943,
            "support": 354
        },
        "comp.sys": {
            "precision_ilp": 0.6805111821086262,
            "recall_ilp": 0.8693877551020408,
            "f1_ilp": 0.7634408602150536,
            "precision_normal": 0.6747368421052632,
            "recall_normal": 0.8721088435374149,
            "f1_normal": 0.7608308605341246,
            "precision_sequential": 0.6893203883495146,
            "recall_sequential": 0.8693877551020408,
            "f1_sequential": 0.7689530685920578,
            "support": 735
        },
        "comp.windows": {
            "precision_ilp": 0.912751677852349,
            "recall_ilp": 0.7351351351351352,
            "f1_ilp": 0.81437125748503,
            "precision_normal": 0.9158249158249159,
            "recall_normal": 0.7351351351351352,
            "f1_normal": 0.815592203898051,
            "precision_sequential": 0.912751677852349,
            "recall_sequential": 0.7351351351351352,
            "f1_sequential": 0.81437125748503,
            "support": 370
        },
        "talk.politics": {
            "precision_ilp": 0.8374384236453202,
            "recall_ilp": 0.8655804480651731,
            "f1_ilp": 0.8512769153730596,
            "precision_normal": 0.8270531400966183,
            "recall_normal": 0.8716904276985743,
            "f1_normal": 0.8487853247397125,
            "precision_sequential": 0.8480885311871227,
            "recall_sequential": 0.8584521384928717,
            "f1_sequential": 0.853238866396761,
            "support": 982
        },
        "talk.religion": {
            "precision_ilp": 0.33774834437086093,
            "recall_ilp": 0.2217391304347826,
            "f1_ilp": 0.2677165354330709,
            "precision_normal": 0.33557046979865773,
            "recall_normal": 0.21739130434782608,
            "f1_normal": 0.2638522427440633,
            "precision_sequential": 0.33774834437086093,
            "recall_sequential": 0.2217391304347826,
            "f1_sequential": 0.2677165354330709,
            "support": 230
        },
        "alt.atheism": {
            "precision_ilp": 0.49333333333333335,
            "recall_ilp": 0.5103448275862069,
            "f1_ilp": 0.5016949152542374,
            "precision_normal": 0.4965986394557823,
            "recall_normal": 0.503448275862069,
            "f1_normal": 0.5,
            "precision_sequential": 0.48417721518987344,
            "recall_sequential": 0.5275862068965518,
            "f1_sequential": 0.5049504950495051,
            "support": 290
        },
        "sci.med": {
            "precision_ilp": 0.7864077669902912,
            "recall_ilp": 0.8733153638814016,
            "f1_ilp": 0.8275862068965517,
            "precision_normal": 0.7960687960687961,
            "recall_normal": 0.8733153638814016,
            "f1_normal": 0.8329048843187661,
            "precision_sequential": 0.7831325301204819,
            "recall_sequential": 0.876010781671159,
            "f1_sequential": 0.8269720101781171,
            "support": 371
        },
        "soc.religion": {
            "precision_ilp": 0.7794117647058824,
            "recall_ilp": 0.6973684210526315,
            "f1_ilp": 0.7361111111111112,
            "precision_normal": 0.7794117647058824,
            "recall_normal": 0.6973684210526315,
            "f1_normal": 0.7361111111111112,
            "precision_sequential": 0.7794117647058824,
            "recall_sequential": 0.6973684210526315,
            "f1_sequential": 0.7361111111111112,
            "support": 380
        },
        "comp.graphics": {
            "precision_ilp": 0.7310924369747899,
            "recall_ilp": 0.7054054054054054,
            "f1_ilp": 0.718019257221458,
            "precision_normal": 0.7365439093484419,
            "recall_normal": 0.7027027027027027,
            "f1_normal": 0.719225449515906,
            "precision_sequential": 0.7142857142857143,
            "recall_sequential": 0.7027027027027027,
            "f1_sequential": 0.7084468664850135,
            "support": 370
        },
        "comp.os": {
            "precision_ilp": 0.6536312849162011,
            "recall_ilp": 0.6341463414634146,
            "f1_ilp": 0.6437414030261347,
            "precision_normal": 0.6610169491525424,
            "recall_normal": 0.6341463414634146,
            "f1_normal": 0.6473029045643153,
            "precision_sequential": 0.6573816155988857,
            "recall_sequential": 0.6395663956639567,
            "f1_sequential": 0.6483516483516484,
            "support": 369
        },
        "rec.motorcycles": {
            "precision_ilp": 0.8096774193548387,
            "recall_ilp": 0.6952908587257618,
            "f1_ilp": 0.7481371087928465,
            "precision_normal": 0.8163934426229508,
            "recall_normal": 0.6897506925207756,
            "f1_normal": 0.7477477477477478,
            "precision_sequential": 0.8031746031746032,
            "recall_sequential": 0.7008310249307479,
            "f1_sequential": 0.7485207100591716,
            "support": 361
        },
        "misc.forsale": {
            "precision_ilp": 0.865546218487395,
            "recall_ilp": 0.8396739130434783,
            "f1_ilp": 0.8524137931034482,
            "precision_normal": 0.8668555240793201,
            "recall_normal": 0.8315217391304348,
            "f1_normal": 0.8488210818307905,
            "precision_sequential": 0.8635097493036211,
            "recall_sequential": 0.842391304347826,
            "f1_sequential": 0.8528198074277854,
            "support": 368
        },
        "sci.space": {
            "precision_ilp": 0.727906976744186,
            "recall_ilp": 0.8505434782608695,
            "f1_ilp": 0.7844611528822055,
            "precision_normal": 0.735224586288416,
            "recall_normal": 0.845108695652174,
            "f1_normal": 0.786346396965866,
            "precision_sequential": 0.723744292237443,
            "recall_sequential": 0.8614130434782609,
            "f1_sequential": 0.7866004962779157,
            "support": 368
        },
        "sci.crypt": {
            "precision_ilp": 0.8783783783783784,
            "recall_ilp": 0.7222222222222222,
            "f1_ilp": 0.7926829268292683,
            "precision_normal": 0.8813559322033898,
            "recall_normal": 0.7222222222222222,
            "f1_normal": 0.7938931297709924,
            "precision_sequential": 0.8708609271523179,
            "recall_sequential": 0.7305555555555555,
            "f1_sequential": 0.7945619335347431,
            "support": 360
        },
        "sci.electronics": {
            "precision_ilp": 0.6181818181818182,
            "recall_ilp": 0.555858310626703,
            "f1_ilp": 0.5853658536585366,
            "precision_normal": 0.6238532110091743,
            "recall_normal": 0.555858310626703,
            "f1_normal": 0.5878962536023055,
            "precision_sequential": 0.6212121212121212,
            "recall_sequential": 0.55858310626703,
            "f1_sequential": 0.5882352941176471,
            "support": 367
        },
        "rec.sport": {
            "precision_ilp": 0.9356955380577427,
            "recall_ilp": 0.9583333333333334,
            "f1_ilp": 0.946879150066401,
            "precision_normal": 0.9225806451612903,
            "recall_normal": 0.9610215053763441,
            "f1_normal": 0.9414088215931533,
            "precision_sequential": 0.9557640750670241,
            "recall_sequential": 0.9583333333333334,