{
    "level1": {
        "rec.autos": {
            "precision_ilp": 0.8144927536231884,
            "recall_ilp": 0.7937853107344632,
            "f1_ilp": 0.8040057224606582,
            "precision_normal": 0.8134110787172012,
            "recall_normal": 0.788135593220339,
            "f1_normal": 0.8005738880918221,
            "support": 354
        },
        "comp.windows": {
            "precision_ilp": 0.648870636550308,
            "recall_ilp": 0.8540540540540541,
            "f1_ilp": 0.7374562427071177,
            "precision_normal": 0.6515463917525773,
            "recall_normal": 0.8540540540540541,
            "f1_normal": 0.7391812865497076,
            "support": 370
        },
        "talk.politics": {
            "precision_ilp": 0.8466933867735471,
            "recall_ilp": 0.860488798370672,
            "f1_ilp": 0.8535353535353536,
            "precision_normal": 0.818957345971564,
            "recall_normal": 0.879837067209776,
            "f1_normal": 0.8483063328424153,
            "support": 982
        },
        "talk.religion": {
            "precision_ilp": 0.08333333333333333,
            "recall_ilp": 0.008695652173913044,
            "f1_ilp": 0.015748031496062992,
            "precision_normal": 0.15384615384615385,
            "recall_normal": 0.008695652173913044,
            "f1_normal": 0.01646090534979424,
            "support": 230
        },
        "alt.atheism": {
            "precision_ilp": 0.4083769633507853,
            "recall_ilp": 0.2689655172413793,
            "f1_ilp": 0.32432432432432434,
            "precision_normal": 0.4245810055865922,
            "recall_normal": 0.2620689655172414,
            "f1_normal": 0.32409381663113,
            "support": 290
        },
        "sci.med": {
            "precision_ilp": 0.8451776649746193,
            "recall_ilp": 0.8975741239892183,
            "f1_ilp": 0.8705882352941177,
            "precision_normal": 0.8491048593350383,
            "recall_normal": 0.894878706199461,
            "f1_normal": 0.8713910761154856,
            "support": 371
        },
        "soc.religion": {
            "precision_ilp": 0.5286343612334802,
            "recall_ilp": 0.9473684210526315,
            "f1_ilp": 0.6786050895381716,
            "precision_normal": 0.5294117647058824,
            "recall_normal": 0.9473684210526315,
            "f1_normal": 0.679245283018868,
            "support": 380
        },
        "comp.graphics": {
            "precision_ilp": 0.8461538461538461,
            "recall_ilp": 0.3864864864864865,
            "f1_ilp": 0.5306122448979592,
            "precision_normal": 0.8597560975609756,
            "recall_normal": 0.3810810810810811,
            "f1_normal": 0.5280898876404494,
            "support": 370
        },
        "comp.os": {
            "precision_ilp": 0.5817757009345794,
            "recall_ilp": 0.6747967479674797,
            "f1_ilp": 0.6248431618569636,
            "precision_normal": 0.6045918367346939,
            "recall_normal": 0.6422764227642277,
            "f1_normal": 0.6228646517739816,
            "support": 369
        },
        "rec.motorcycles": {
            "precision_ilp": 0.7737003058103975,
            "recall_ilp": 0.7008310249307479,
            "f1_ilp": 0.7354651162790696,
            "precision_normal": 0.8175895765472313,
            "recall_normal": 0.6952908587257618,
            "f1_normal": 0.7514970059880239,
            "support": 361
        },
        "comp.sys": {
            "precision_ilp": 0.7909836065573771,
            "recall_ilp": 0.7877551020408163,
            "f1_ilp": 0.7893660531697342,
            "precision_normal": 0.7527675276752768,
            "recall_normal": 0.8326530612244898,
            "f1_normal": 0.7906976744186046,
            "support": 735
        },
        "misc.forsale": {
            "precision_ilp": 0.8051282051282052,
            "recall_ilp": 0.8532608695652174,
            "f1_ilp": 0.8284960422163589,
            "precision_normal": 0.8279569892473119,
            "recall_normal": 0.8369565217391305,
            "f1_normal": 0.8324324324324325,
            "support": 368
        },
        "sci.space": {
            "precision_ilp": 0.7665847665847666,
            "recall_ilp": 0.8478260869565217,
            "f1_ilp": 0.8051612903225808,
            "precision_normal": 0.7722772277227723,
            "recall_normal": 0.8478260869565217,
            "f1_normal": 0.8082901554404146,
            "support": 368
        },
        "sci.crypt": {
            "precision_ilp": 0.7707182320441989,
            "recall_ilp": 0.775,
            "f1_ilp": 0.7728531855955678,
            "precision_normal": 0.78125,
            "recall_normal": 0.7638888888888888,
            "f1_normal": 0.7724719101123595,
            "support": 360
        },
        "rec.sport": {
            "precision_ilp": 0.9507978723404256,
            "recall_ilp": 0.9610215053763441,
            "f1_ilp": 0.9558823529411764,
            "precision_normal": 0.9445910290237467,
            "recall_normal": 0.9623655913978495,
            "f1_normal": 0.9533954727030626,
            "support": 744
        },
        "sci.electronics": {
            "precision_ilp": 0.6596385542168675,
            "recall_ilp": 0.5967302452316077,
            "f1_ilp": 0.6266094420600858,
            "precision_normal": 0.6816720257234726,
            "recall_normal": 0.5776566757493188,
            "f1_normal": 0.6253687315634218,
            "support": 367
        },
        "total": {
            "level_precision": 0.7437907031872624,
            "level_recall": 0.754096025074797,
            "level_f1": 0.7362167607981296,
            "level_precision_ilp": 0.7416532632304753,
            "level_recall_ilp": 0.7519589685140333,
            "level_f1_ilp": 0.7361901435743239,
            "support": 7019
        }
    },
    "level2": {
        "mideast": {
            "precision_ilp": 0.8776758409785933,
            "recall_ilp": 0.8130311614730878,
            "f1_ilp": 0.8441176470588235,
            "precision_normal": 0.9150326797385621,
            "recall_normal": 0.7932011331444759,
            "f1_normal": 0.849772382397572,
            "support": 353
        },
        "ibm": {
            "precision_ilp": 0.6341463414634146,
            "recall_ilp": 0.6951871657754011,
            "f1_ilp": 0.6632653061224489,
            "precision_normal": 0.6512968299711815,
            "recall_normal": 0.6042780748663101,
            "f1_normal": 0.6269070735090152,
            "support": 374
        },
        "mac": {
            "precision_ilp": 0.7981366459627329,
            "recall_ilp": 0.7119113573407202,
            "f1_ilp": 0.7525622254758418,
            "precision_normal": 0.8187702265372169,
            "recall_normal": 0.7008310249307479,
            "f1_normal": 0.755223880597015,
            "support": 361
        },
        "guns": {
            "precision_ilp": 0.5878220140515222,
            "recall_ilp": 0.744807121661721,
            "f1_ilp": 0.6570680628272252,
            "precision_normal": 0.6072351421188631,
            "recall_normal": 0.6973293768545994,
            "f1_normal": 0.6491712707182321,
            "support": 337
        },
        "baseball": {
            "precision_ilp": 0.9404761904761905,
            "recall_ilp": 0.8633879781420765,
            "f1_ilp": 0.9002849002849004,
            "precision_normal": 0.9546827794561934,
            "recall_normal": 0.8633879781420765,
            "f1_normal": 0.9067431850789096,
            "support": 366
        },
        "hockey": {
            "precision_ilp": 0.8725961538461539,
            "recall_ilp": 0.9603174603174603,
            "f1_ilp": 0.9143576826196474,
            "precision_normal": 0.8829268292682927,
            "recall_normal": 0.9576719576719577,
            "f1_normal": 0.9187817258883249,
            "support": 378
        },