{
    "level1": {
        "rec.autos": {
            "precision_ilp": 0.813953488372093,
            "recall_ilp": 0.7909604519774012,
            "f1_ilp": 0.8022922636103152,
            "precision_normal": 0.8134110787172012,
            "recall_normal": 0.788135593220339,
            "f1_normal": 0.8005738880918221,
            "precision_sequential": 0.8144927536231884,
            "recall_sequential": 0.7937853107344632,
            "f1_sequential": 0.8040057224606582,
            "support": 354
        },
        "comp.windows": {
            "precision_ilp": 0.648870636550308,
            "recall_ilp": 0.8540540540540541,
            "f1_ilp": 0.7374562427071177,
            "precision_normal": 0.6515463917525773,
            "recall_normal": 0.8540540540540541,
            "f1_normal": 0.7391812865497076,
            "precision_sequential": 0.6482617586912065,
            "recall_sequential": 0.8567567567567568,
            "f1_sequential": 0.7380675203725262,
            "support": 370
        },
        "talk.politics": {
            "precision_ilp": 0.843469591226321,
            "recall_ilp": 0.8615071283095723,
            "f1_ilp": 0.8523929471032746,
            "precision_normal": 0.818957345971564,
            "recall_normal": 0.879837067209776,
            "f1_normal": 0.8483063328424153,
            "precision_sequential": 0.8788888888888889,
            "recall_sequential": 0.8054989816700611,
            "f1_sequential": 0.8405951115834219,
            "support": 982
        },
        "talk.religion": {
            "precision_ilp": 0.08695652173913043,
            "recall_ilp": 0.008695652173913044,
            "f1_ilp": 0.015810276679841896,
            "precision_normal": 0.15384615384615385,
            "recall_normal": 0.008695652173913044,
            "f1_normal": 0.01646090534979424,
            "precision_sequential": 0.0625,
            "recall_sequential": 0.017391304347826087,
            "f1_sequential": 0.0272108843537415,
            "support": 230
        },
        "alt.atheism": {
            "precision_ilp": 0.4083769633507853,
            "recall_ilp": 0.2689655172413793,
            "f1_ilp": 0.32432432432432434,
            "precision_normal": 0.4245810055865922,
            "recall_normal": 0.2620689655172414,
            "f1_normal": 0.32409381663113,
            "precision_sequential": 0.40932642487046633,
            "recall_sequential": 0.27241379310344827,
            "f1_sequential": 0.3271221532091097,
            "support": 290
        },
        "sci.med": {
            "precision_ilp": 0.8451776649746193,
            "recall_ilp": 0.8975741239892183,
            "f1_ilp": 0.8705882352941177,
            "precision_normal": 0.8491048593350383,
            "recall_normal": 0.894878706199461,
            "f1_normal": 0.8713910761154856,
            "precision_sequential": 0.8366834170854272,
            "recall_sequential": 0.8975741239892183,
            "f1_sequential": 0.8660598179453837,
            "support": 371
        },
        "soc.religion": {
            "precision_ilp": 0.5286343612334802,
            "recall_ilp": 0.9473684210526315,
            "f1_ilp": 0.6786050895381716,
            "precision_normal": 0.5294117647058824,
            "recall_normal": 0.9473684210526315,
            "f1_normal": 0.679245283018868,
            "precision_sequential": 0.5286343612334802,
            "recall_sequential": 0.9473684210526315,
            "f1_sequential": 0.6786050895381716,
            "support": 380
        },
        "comp.graphics": {
            "precision_ilp": 0.8461538461538461,
            "recall_ilp": 0.3864864864864865,
            "f1_ilp": 0.5306122448979592,
            "precision_normal": 0.8597560975609756,
            "recall_normal": 0.3810810810810811,
            "f1_normal": 0.5280898876404494,
            "precision_sequential": 0.8461538461538461,
            "recall_sequential": 0.3864864864864865,
            "f1_sequential": 0.5306122448979592,
            "support": 370
        },
        "comp.os": {
            "precision_ilp": 0.5831381733021077,
            "recall_ilp": 0.6747967479674797,
            "f1_ilp": 0.6256281407035176,
            "precision_normal": 0.6045918367346939,
            "recall_normal": 0.6422764227642277,
            "f1_normal": 0.6228646517739816,
            "precision_sequential": 0.5427350427350427,
            "recall_sequential": 0.6883468834688347,
            "f1_sequential": 0.6069295101553166,
            "support": 369
        },
        "rec.motorcycles": {
            "precision_ilp": 0.7777777777777778,
            "recall_ilp": 0.6980609418282548,
            "f1_ilp": 0.7357664233576643,
            "precision_normal": 0.8175895765472313,
            "recall_normal": 0.6952908587257618,
            "f1_normal": 0.7514970059880239,
            "precision_sequential": 0.6970509383378016,
            "recall_sequential": 0.7202216066481995,
            "f1_sequential": 0.7084468664850136,
            "support": 361
        },
        "comp.sys": {
            "precision_ilp": 0.7913279132791328,
            "recall_ilp": 0.7945578231292517,
            "f1_ilp": 0.7929395790902919,
            "precision_normal": 0.7527675276752768,
            "recall_normal": 0.8326530612244898,
            "f1_normal": 0.7906976744186046,
            "precision_sequential": 0.8170731707317073,
            "recall_sequential": 0.7292517006802721,
            "f1_sequential": 0.7706685837526959,
            "support": 735
        },
        "misc.forsale": {
            "precision_ilp": 0.8092783505154639,
            "recall_ilp": 0.8532608695652174,
            "f1_ilp": 0.8306878306878306,
            "precision_normal": 0.8279569892473119,
            "recall_normal": 0.8369565217391305,
            "f1_normal": 0.8324324324324325,
            "precision_sequential": 0.7936117936117936,
            "recall_sequential": 0.8777173913043478,
            "f1_sequential": 0.8335483870967741,
            "support": 368
        },
        "sci.space": {
            "precision_ilp": 0.7665847665847666,
            "recall_ilp": 0.8478260869565217,
            "f1_ilp": 0.8051612903225808,
            "precision_normal": 0.7722772277227723,
            "recall_normal": 0.8478260869565217,
            "f1_normal": 0.8082901554404146,
            "precision_sequential": 0.7615571776155717,
            "recall_sequential": 0.8505434782608695,
            "f1_sequential": 0.8035943517329909,
            "support": 368
        },
        "sci.crypt": {
            "precision_ilp": 0.7694444444444445,
            "recall_ilp": 0.7694444444444445,
            "f1_ilp": 0.7694444444444445,
            "precision_normal": 0.78125,
            "recall_normal": 0.7638888888888888,
            "f1_normal": 0.7724719101123595,
            "precision_sequential": 0.7513368983957219,
            "recall_sequential": 0.7805555555555556,
            "f1_sequential": 0.7656675749318801,
            "support": 360
        },
        "rec.sport": {
            "precision_ilp": 0.9496021220159151,
            "recall_ilp": 0.9623655913978495,
            "f1_ilp": 0.9559412550066756,
            "precision_normal": 0.9445910290237467,
            "recall_normal": 0.9623655913978495,
            "f1_normal": 0.9533954727030626,
            "precision_sequential": 0.9608636977058029,
            "recall_sequential": 0.956989247311828,
            "f1_sequential": 0.958922558922559,
            "support": 744
        },
        "sci.electronics": {
            "precision_ilp": 0.6656534954407295,
            "recall_ilp": 0.5967302452316077,
            "f1_ilp": 0.6293103448275863,
            "precision_normal": 0.6816720257234726,
            "recall_normal": 0.5776566757493188,
            "f1_normal": 0.6253687315634218,
            "precision_sequential": 0.6314285714285715,
            "recall_sequential": 0.6021798365122616,