{
    "level1": {
        "rec.autos": {
            "precision_ilp": 0.782608695652174,
            "recall_ilp": 0.8135593220338984,
            "f1_ilp": 0.7977839335180056,
            "precision_normal": 0.7868852459016393,
            "recall_normal": 0.8135593220338984,
            "f1_normal": 0.8,
            "precision_sequential": 0.7831978319783198,
            "recall_sequential": 0.8163841807909604,
            "f1_sequential": 0.7994467496542187,
            "support": 354
        },
        "comp.windows": {
            "precision_ilp": 0.9130434782608695,
            "recall_ilp": 0.7378378378378379,
            "f1_ilp": 0.8161434977578477,
            "precision_normal": 0.9130434782608695,
            "recall_normal": 0.7378378378378379,
            "f1_normal": 0.8161434977578477,
            "precision_sequential": 0.9136212624584718,
            "recall_sequential": 0.7432432432432432,
            "f1_sequential": 0.819672131147541,
            "support": 370
        },
        "talk.politics": {
            "precision_ilp": 0.8357915437561455,
            "recall_ilp": 0.8655804480651731,
            "f1_ilp": 0.8504252126063032,
            "precision_normal": 0.8264223722275795,
            "recall_normal": 0.8727087576374746,
            "f1_normal": 0.8489351163942546,
            "precision_sequential": 0.8511722731906218,
            "recall_sequential": 0.8503054989816701,
            "f1_sequential": 0.8507386653082016,
            "support": 982
        },
        "talk.religion": {
            "precision_ilp": 0.2857142857142857,
            "recall_ilp": 0.14782608695652175,
            "f1_ilp": 0.19484240687679083,
            "precision_normal": 0.3008849557522124,
            "recall_normal": 0.14782608695652175,
            "f1_normal": 0.19825072886297376,
            "precision_sequential": 0.2803030303030303,
            "recall_sequential": 0.1608695652173913,
            "f1_sequential": 0.20441988950276244,
            "support": 230
        },
        "alt.atheism": {
            "precision_ilp": 0.4373522458628842,
            "recall_ilp": 0.6379310344827587,
            "f1_ilp": 0.5189340813464235,
            "precision_normal": 0.43990384615384615,
            "recall_normal": 0.6310344827586207,
            "f1_normal": 0.518413597733711,
            "precision_sequential": 0.4298850574712644,
            "recall_sequential": 0.6448275862068965,
            "f1_sequential": 0.5158620689655172,
            "support": 290
        },
        "sci.med": {
            "precision_ilp": 0.8590785907859079,
            "recall_ilp": 0.8544474393530997,
            "f1_ilp": 0.8567567567567568,
            "precision_normal": 0.8614130434782609,
            "recall_normal": 0.8544474393530997,
            "f1_normal": 0.857916102841678,
            "precision_sequential": 0.8567567567567568,
            "recall_sequential": 0.8544474393530997,
            "f1_sequential": 0.8556005398110662,
            "support": 371
        },
        "soc.religion": {
            "precision_ilp": 0.7592067988668555,
            "recall_ilp": 0.7052631578947368,
            "f1_ilp": 0.7312414733969985,
            "precision_normal": 0.7592067988668555,
            "recall_normal": 0.7052631578947368,
            "f1_normal": 0.7312414733969985,
            "precision_sequential": 0.7592067988668555,
            "recall_sequential": 0.7052631578947368,
            "f1_sequential": 0.7312414733969985,
            "support": 380
        },
        "comp.graphics": {
            "precision_ilp": 0.7385057471264368,
            "recall_ilp": 0.6945945945945946,
            "f1_ilp": 0.7158774373259053,
            "precision_normal": 0.7427745664739884,
            "recall_normal": 0.6945945945945946,
            "f1_normal": 0.7178770949720671,
            "precision_sequential": 0.7342857142857143,
            "recall_sequential": 0.6945945945945946,
            "f1_sequential": 0.7138888888888889,
            "support": 370
        },
        "comp.os": {
            "precision_ilp": 0.6181384248210023,
            "recall_ilp": 0.7018970189701897,
            "f1_ilp": 0.6573604060913706,
            "precision_normal": 0.6326034063260341,
            "recall_normal": 0.7046070460704607,
            "f1_normal": 0.6666666666666666,
            "precision_sequential": 0.6078886310904872,
            "recall_sequential": 0.7100271002710027,
            "f1_sequential": 0.655,
            "support": 369
        },
        "rec.motorcycles": {
            "precision_ilp": 0.7735294117647059,
            "recall_ilp": 0.7285318559556787,
            "f1_ilp": 0.7503566333808844,
            "precision_normal": 0.7804154302670623,
            "recall_normal": 0.7285318559556787,
            "f1_normal": 0.7535816618911174,
            "precision_sequential": 0.7712609970674487,
            "recall_sequential": 0.7285318559556787,
            "f1_sequential": 0.7492877492877492,
            "support": 361
        },
        "comp.sys": {
            "precision_ilp": 0.7338044758539458,
            "recall_ilp": 0.8476190476190476,
            "f1_ilp": 0.7866161616161617,
            "precision_normal": 0.7286374133949192,
            "recall_normal": 0.8585034013605443,
            "f1_normal": 0.7882573391630232,
            "precision_sequential": 0.7481662591687042,
            "recall_sequential": 0.8326530612244898,
            "f1_sequential": 0.7881519639407598,
            "support": 735
        },
        "misc.forsale": {
            "precision_ilp": 0.7896039603960396,
            "recall_ilp": 0.8668478260869565,
            "f1_ilp": 0.8264248704663213,
            "precision_normal": 0.7871287128712872,
            "recall_normal": 0.8641304347826086,
            "f1_normal": 0.8238341968911918,
            "precision_sequential": 0.7804878048780488,
            "recall_sequential": 0.8695652173913043,
            "f1_sequential": 0.8226221079691517,
            "support": 368
        },
        "sci.space": {
            "precision_ilp": 0.7721518987341772,
            "recall_ilp": 0.8288043478260869,
            "f1_ilp": 0.799475753604194,
            "precision_normal": 0.7760814249363868,
            "recall_normal": 0.8288043478260869,
            "f1_normal": 0.8015768725361366,
            "precision_sequential": 0.7707808564231738,
            "recall_sequential": 0.8315217391304348,
            "f1_sequential": 0.8000000000000002,
            "support": 368
        },
        "sci.crypt": {
            "precision_ilp": 0.7953216374269005,
            "recall_ilp": 0.7555555555555555,
            "f1_ilp": 0.774928774928775,
            "precision_normal": 0.7958579881656804,
            "recall_normal": 0.7472222222222222,
            "f1_normal": 0.7707736389684814,
            "precision_sequential": 0.7851002865329513,
            "recall_sequential": 0.7611111111111111,
            "f1_sequential": 0.7729196050775741,
            "support": 360
        },
        "rec.sport": {
            "precision_ilp": 0.9886524822695035,
            "recall_ilp": 0.9368279569892473,
            "f1_ilp": 0.9620427881297446,
            "precision_normal": 0.9872881355932204,
            "recall_normal": 0.9395161290322581,
            "f1_normal": 0.9628099173553719,
            "precision_sequential": 0.9914651493598862,
            "recall_sequential": 0.9368279569892473,
            "f1_sequential": 0.9633724948168624,
            "support": 744
        },
        "sci.electronics": {
            "precision_ilp": 0.7211895910780669,
            "recall_ilp": 0.5286103542234333,
            "f1_ilp": 0.6100628930817611,
            "precision_normal": 0.7234848484848485,
            "recall_normal": 0.5204359673024523,
            "f1_normal": 0.6053882725832012,
            "precision_sequential": 0.7025089605734767,
            "recall_sequential": 0.5340599455040872,