{
    "level1": {
        "rec.autos": {
            "precision_ilp": 0.813953488372093,
            "recall_ilp": 0.7909604519774012,
            "f1_ilp": 0.8022922636103152,
            "precision_normal": 0.8134110787172012,
            "recall_normal": 0.788135593220339,
            "f1_normal": 0.8005738880918221,
            "support": 354
        },
        "comp.windows": {
            "precision_ilp": 0.648870636550308,
            "recall_ilp": 0.8540540540540541,
            "f1_ilp": 0.7374562427071177,
            "precision_normal": 0.6515463917525773,
            "recall_normal": 0.8540540540540541,
            "f1_normal": 0.7391812865497076,
            "support": 370
        },
        "talk.politics": {
            "precision_ilp": 0.8409542743538767,
            "recall_ilp": 0.8615071283095723,
            "f1_ilp": 0.8511066398390341,
            "precision_normal": 0.818957345971564,
            "recall_normal": 0.879837067209776,
            "f1_normal": 0.8483063328424153,
            "support": 982
        },
        "talk.religion": {
            "precision_ilp": 0.08695652173913043,
            "recall_ilp": 0.008695652173913044,
            "f1_ilp": 0.015810276679841896,
            "precision_normal": 0.15384615384615385,
            "recall_normal": 0.008695652173913044,
            "f1_normal": 0.01646090534979424,
            "support": 230
        },
        "alt.atheism": {
            "precision_ilp": 0.4105263157894737,
            "recall_ilp": 0.2689655172413793,
            "f1_ilp": 0.32499999999999996,
            "precision_normal": 0.4245810055865922,
            "recall_normal": 0.2620689655172414,
            "f1_normal": 0.32409381663113,
            "support": 290
        },
        "sci.med": {
            "precision_ilp": 0.8451776649746193,
            "recall_ilp": 0.8975741239892183,
            "f1_ilp": 0.8705882352941177,
            "precision_normal": 0.8491048593350383,
            "recall_normal": 0.894878706199461,
            "f1_normal": 0.8713910761154856,
            "support": 371
        },
        "soc.religion": {
            "precision_ilp": 0.5286343612334802,
            "recall_ilp": 0.9473684210526315,
            "f1_ilp": 0.6786050895381716,
            "precision_normal": 0.5294117647058824,
            "recall_normal": 0.9473684210526315,
            "f1_normal": 0.679245283018868,
            "support": 380
        },
        "comp.graphics": {
            "precision_ilp": 0.8461538461538461,
            "recall_ilp": 0.3864864864864865,
            "f1_ilp": 0.5306122448979592,
            "precision_normal": 0.8597560975609756,
            "recall_normal": 0.3810810810810811,
            "f1_normal": 0.5280898876404494,
            "support": 370
        },
        "comp.os": {
            "precision_ilp": 0.5858823529411765,
            "recall_ilp": 0.6747967479674797,
            "f1_ilp": 0.6272040302267002,
            "precision_normal": 0.6045918367346939,
            "recall_normal": 0.6422764227642277,
            "f1_normal": 0.6228646517739816,
            "support": 369
        },
        "rec.motorcycles": {
            "precision_ilp": 0.782608695652174,
            "recall_ilp": 0.6980609418282548,
            "f1_ilp": 0.7379209370424598,
            "precision_normal": 0.8175895765472313,
            "recall_normal": 0.6952908587257618,
            "f1_normal": 0.7514970059880239,
            "support": 361
        },
        "comp.sys": {
            "precision_ilp": 0.7894736842105263,
            "recall_ilp": 0.7959183673469388,
            "f1_ilp": 0.7926829268292682,
            "precision_normal": 0.7527675276752768,
            "recall_normal": 0.8326530612244898,
            "f1_normal": 0.7906976744186046,
            "support": 735
        },
        "misc.forsale": {
            "precision_ilp": 0.8087855297157622,
            "recall_ilp": 0.8505434782608695,
            "f1_ilp": 0.8291390728476821,
            "precision_normal": 0.8279569892473119,
            "recall_normal": 0.8369565217391305,
            "f1_normal": 0.8324324324324325,
            "support": 368
        },
        "sci.space": {
            "precision_ilp": 0.7665847665847666,
            "recall_ilp": 0.8478260869565217,
            "f1_ilp": 0.8051612903225808,
            "precision_normal": 0.7722772277227723,
            "recall_normal": 0.8478260869565217,
            "f1_normal": 0.8082901554404146,
            "support": 368
        },
        "sci.crypt": {
            "precision_ilp": 0.7694444444444445,
            "recall_ilp": 0.7694444444444445,
            "f1_ilp": 0.7694444444444445,
            "precision_normal": 0.78125,
            "recall_normal": 0.7638888888888888,
            "f1_normal": 0.7724719101123595,
            "support": 360
        },
        "rec.sport": {
            "precision_ilp": 0.9496021220159151,
            "recall_ilp": 0.9623655913978495,
            "f1_ilp": 0.9559412550066756,
            "precision_normal": 0.9445910290237467,
            "recall_normal": 0.9623655913978495,
            "f1_normal": 0.9533954727030626,
            "support": 744
        },
        "sci.electronics": {
            "precision_ilp": 0.6656534954407295,
            "recall_ilp": 0.5967302452316077,
            "f1_ilp": 0.6293103448275863,
            "precision_normal": 0.6816720257234726,
            "recall_normal": 0.5776566757493188,
            "f1_normal": 0.6253687315634218,
            "support": 367
        },
        "total": {
            "level_precision": 0.7437907031872624,
            "level_recall": 0.754096025074797,
            "level_f1": 0.7362167607981296,
            "level_precision_ilp": 0.7418607863454434,
            "level_recall_ilp": 0.7523863798261861,
            "level_f1_ilp": 0.7363979876873755,
            "support": 7019
        }
    },
    "level2": {
        "mideast": {
            "precision_ilp": 0.8776758409785933,
            "recall_ilp": 0.8130311614730878,
            "f1_ilp": 0.8441176470588235,
            "precision_normal": 0.9150326797385621,
            "recall_normal": 0.7932011331444759,
            "f1_normal": 0.849772382397572,
            "support": 353
        },
        "ibm": {
            "precision_ilp": 0.631578947368421,
            "recall_ilp": 0.7058823529411765,
            "f1_ilp": 0.6666666666666667,
            "precision_normal": 0.6512968299711815,
            "recall_normal": 0.6042780748663101,
            "f1_normal": 0.6269070735090152,
            "support": 374
        },
        "mac": {
            "precision_ilp": 0.7987616099071208,
            "recall_ilp": 0.7146814404432132,
            "f1_ilp": 0.7543859649122807,
            "precision_normal": 0.8187702265372169,
            "recall_normal": 0.7008310249307479,
            "f1_normal": 0.755223880597015,
            "support": 361
        },
        "guns": {
            "precision_ilp": 0.5846867749419954,
            "recall_ilp": 0.7477744807121661,
            "f1_ilp": 0.65625,
            "precision_normal": 0.6072351421188631,
            "recall_normal": 0.6973293768545994,
            "f1_normal": 0.6491712707182321,
            "support": 337
        },
        "baseball": {
            "precision_ilp": 0.9404761904761905,
            "recall_ilp": 0.8633879781420765,
            "f1_ilp": 0.9002849002849004,
            "precision_normal": 0.9546827794561934,
            "recall_normal": 0.8633879781420765,
            "f1_normal": 0.9067431850789096,
            "support": 366
        },
        "hockey": {
            "precision_ilp": 0.868421052631579,
            "recall_ilp": 0.9603174603174603,
            "f1_ilp": 0.9120603015075377,
            "precision_normal": 0.8829268292682927,
            "recall_normal": 0.9576719576719577,
            "f1_normal": 0.9187817258883249,
            "support": 378
        },