{
    "level1": {
        "rec.autos": {
            "precision_ilp": 0.7396907216494846,
            "recall_ilp": 0.8107344632768362,
            "f1_ilp": 0.7735849056603774,
            "precision_normal": 0.7552631578947369,
            "recall_normal": 0.8107344632768362,
            "f1_normal": 0.7820163487738419,
            "precision_sequential": 0.7213930348258707,
            "recall_sequential": 0.8192090395480226,
            "f1_sequential": 0.7671957671957672,
            "support": 354
        },
        "comp.windows": {
            "precision_ilp": 0.8502994011976048,
            "recall_ilp": 0.7675675675675676,
            "f1_ilp": 0.806818181818182,
            "precision_normal": 0.8502994011976048,
            "recall_normal": 0.7675675675675676,
            "f1_normal": 0.806818181818182,
            "precision_sequential": 0.8502994011976048,
            "recall_sequential": 0.7675675675675676,
            "f1_sequential": 0.806818181818182,
            "support": 370
        },
        "talk.politics": {
            "precision_ilp": 0.8482051282051282,
            "recall_ilp": 0.8421588594704684,
            "f1_ilp": 0.8451711803781299,
            "precision_normal": 0.8398009950248756,
            "recall_normal": 0.8594704684317719,
            "f1_normal": 0.8495218922999497,
            "precision_sequential": 0.8678223185265439,
            "recall_sequential": 0.8156822810590632,
            "f1_sequential": 0.8409448818897638,
            "support": 982
        },
        "talk.religion": {
            "precision_ilp": 0.27710843373493976,
            "recall_ilp": 0.3,
            "f1_ilp": 0.28810020876826725,
            "precision_normal": 0.2875,
            "recall_normal": 0.3,
            "f1_normal": 0.2936170212765958,
            "precision_sequential": 0.2661596958174905,
            "recall_sequential": 0.30434782608695654,
            "f1_sequential": 0.2839756592292089,
            "support": 230
        },
        "alt.atheism": {
            "precision_ilp": 0.49842271293375395,
            "recall_ilp": 0.5448275862068965,
            "f1_ilp": 0.5205930807248764,
            "precision_normal": 0.5047923322683706,
            "recall_normal": 0.5448275862068965,
            "f1_normal": 0.5240464344941956,
            "precision_sequential": 0.49221183800623053,
            "recall_sequential": 0.5448275862068965,
            "f1_sequential": 0.5171849427168576,
            "support": 290
        },
        "sci.med": {
            "precision_ilp": 0.8594594594594595,
            "recall_ilp": 0.8571428571428571,
            "f1_ilp": 0.8582995951417004,
            "precision_normal": 0.8594594594594595,
            "recall_normal": 0.8571428571428571,
            "f1_normal": 0.8582995951417004,
            "precision_sequential": 0.8594594594594595,
            "recall_sequential": 0.8571428571428571,
            "f1_sequential": 0.8582995951417004,
            "support": 371
        },
        "soc.religion": {
            "precision_ilp": 0.7740963855421686,
            "recall_ilp": 0.6763157894736842,
            "f1_ilp": 0.7219101123595506,
            "precision_normal": 0.7740963855421686,
            "recall_normal": 0.6763157894736842,
            "f1_normal": 0.7219101123595506,
            "precision_sequential": 0.7740963855421686,
            "recall_sequential": 0.6763157894736842,
            "f1_sequential": 0.7219101123595506,
            "support": 380
        },
        "comp.graphics": {
            "precision_ilp": 0.7142857142857143,
            "recall_ilp": 0.6891891891891891,
            "f1_ilp": 0.7015130674002751,
            "precision_normal": 0.7134831460674157,
            "recall_normal": 0.6864864864864865,
            "f1_normal": 0.699724517906336,
            "precision_sequential": 0.7122905027932961,
            "recall_sequential": 0.6891891891891891,
            "f1_sequential": 0.7005494505494505,
            "support": 370
        },
        "comp.os": {
            "precision_ilp": 0.6051401869158879,
            "recall_ilp": 0.7018970189701897,
            "f1_ilp": 0.6499372647427855,
            "precision_normal": 0.6065573770491803,
            "recall_normal": 0.7018970189701897,
            "f1_normal": 0.6507537688442212,
            "precision_sequential": 0.5995370370370371,
            "recall_sequential": 0.7018970189701897,
            "f1_sequential": 0.6466916354556804,
            "support": 369
        },
        "rec.motorcycles": {
            "precision_ilp": 0.7976539589442815,
            "recall_ilp": 0.7534626038781164,
            "f1_ilp": 0.7749287749287749,
            "precision_normal": 0.8,
            "recall_normal": 0.7534626038781164,
            "f1_normal": 0.7760342368045648,
            "precision_sequential": 0.7822349570200573,
            "recall_sequential": 0.7562326869806094,
            "f1_sequential": 0.7690140845070422,
            "support": 361
        },
        "comp.sys": {
            "precision_ilp": 0.8165680473372781,
            "recall_ilp": 0.7510204081632653,
            "f1_ilp": 0.7824238128986534,
            "precision_normal": 0.8108504398826979,
            "recall_normal": 0.7523809523809524,
            "f1_normal": 0.7805222300635144,
            "precision_sequential": 0.8210526315789474,
            "recall_sequential": 0.7428571428571429,
            "f1_sequential": 0.78,
            "support": 735
        },
        "sci.electronics": {
            "precision_ilp": 0.6153846153846154,
            "recall_ilp": 0.6103542234332425,
            "f1_ilp": 0.612859097127223,
            "precision_normal": 0.6222222222222222,
            "recall_normal": 0.6103542234332425,
            "f1_normal": 0.6162310866574965,
            "precision_sequential": 0.6081081081081081,
            "recall_sequential": 0.6130790190735694,
            "f1_sequential": 0.6105834464043419,
            "support": 367
        },
        "misc.forsale": {
            "precision_ilp": 0.785,
            "recall_ilp": 0.8532608695652174,
            "f1_ilp": 0.8177083333333334,
            "precision_normal": 0.785,
            "recall_normal": 0.8532608695652174,
            "f1_normal": 0.8177083333333334,
            "precision_sequential": 0.785,
            "recall_sequential": 0.8532608695652174,
            "f1_sequential": 0.8177083333333334,
            "support": 368
        },
        "sci.space": {
            "precision_ilp": 0.7434052757793765,
            "recall_ilp": 0.842391304347826,
            "f1_ilp": 0.7898089171974524,
            "precision_normal": 0.7518248175182481,
            "recall_normal": 0.8396739130434783,
            "f1_normal": 0.7933247753530168,
            "precision_sequential": 0.7363420427553444,
            "recall_sequential": 0.842391304347826,
            "f1_sequential": 0.7858048162230673,
            "support": 368
        },
        "sci.crypt": {
            "precision_ilp": 0.7380952380952381,
            "recall_ilp": 0.775,
            "f1_ilp": 0.7560975609756099,
            "precision_normal": 0.7439353099730458,
            "recall_normal": 0.7666666666666667,
            "f1_normal": 0.7551299589603283,
            "precision_sequential": 0.72264631043257,
            "recall_sequential": 0.7888888888888889,
            "f1_sequential": 0.7543160690571049,
            "support": 360
        },
        "rec.sport": {
            "precision_ilp": 0.98989898989899,
            "recall_ilp": 0.9220430107526881,
            "f1_ilp": 0.9547668754349339,
            "precision_normal": 0.9871060171919771,
            "recall_normal": 0.9260752688172043,
            "f1_normal": 0.9556171983356448,
            "precision_sequential": 0.9956268221574344,
            "recall_sequential": 0.918010752688172,
            "f1_sequential": 0.9552447552447553,
            "support": 744
        },