{
    "level1": {
        "rec.autos": {
            "precision_ilp": 0.7951482479784366,
            "recall_ilp": 0.8333333333333334,
            "f1_ilp": 0.8137931034482758,
            "precision_normal": 0.7994579945799458,
            "recall_normal": 0.8333333333333334,
            "f1_normal": 0.8160442600276625,
            "precision_sequential": 0.7887700534759359,
            "recall_sequential": 0.8333333333333334,
            "f1_sequential": 0.8104395604395604,
            "support": 354
        },
        "comp.windows": {
            "precision_ilp": 0.8538681948424068,
            "recall_ilp": 0.8054054054054054,
            "f1_ilp": 0.8289290681502086,
            "precision_normal": 0.8563218390804598,
            "recall_normal": 0.8054054054054054,
            "f1_normal": 0.83008356545961,
            "precision_sequential": 0.8514285714285714,
            "recall_sequential": 0.8054054054054054,
            "f1_sequential": 0.8277777777777778,
            "support": 370
        },
        "talk.politics": {
            "precision_ilp": 0.8515151515151516,
            "recall_ilp": 0.8584521384928717,
            "f1_ilp": 0.8549695740365112,
            "precision_normal": 0.8242074927953891,
            "recall_normal": 0.8737270875763747,
            "f1_normal": 0.8482451804251112,
            "precision_sequential": 0.8613138686131386,
            "recall_sequential": 0.8411405295315683,
            "f1_sequential": 0.8511076764554354,
            "support": 982
        },
        "talk.religion": {
            "precision_ilp": 0.26495726495726496,
            "recall_ilp": 0.13478260869565217,
            "f1_ilp": 0.1786743515850144,
            "precision_normal": 0.29292929292929293,
            "recall_normal": 0.12608695652173912,
            "f1_normal": 0.1762917933130699,
            "precision_sequential": 0.24603174603174602,
            "recall_sequential": 0.13478260869565217,
            "f1_sequential": 0.17415730337078653,
            "support": 230
        },
        "alt.atheism": {
            "precision_ilp": 0.42744063324538256,
            "recall_ilp": 0.5586206896551724,
            "f1_ilp": 0.48430493273542596,
            "precision_normal": 0.4450704225352113,
            "recall_normal": 0.5448275862068965,
            "f1_normal": 0.48992248062015503,
            "precision_sequential": 0.41414141414141414,
            "recall_sequential": 0.5655172413793104,
            "f1_sequential": 0.478134110787172,
            "support": 290
        },
        "sci.med": {
            "precision_ilp": 0.8213399503722084,
            "recall_ilp": 0.8921832884097035,
            "f1_ilp": 0.8552971576227391,
            "precision_normal": 0.8245614035087719,
            "recall_normal": 0.8867924528301887,
            "f1_normal": 0.8545454545454546,
            "precision_sequential": 0.8193069306930693,
            "recall_sequential": 0.8921832884097035,
            "f1_sequential": 0.8541935483870967,
            "support": 371
        },
        "soc.religion": {
            "precision_ilp": 0.7037914691943128,
            "recall_ilp": 0.781578947368421,
            "f1_ilp": 0.7406483790523691,
            "precision_normal": 0.7105263157894737,
            "recall_normal": 0.781578947368421,
            "f1_normal": 0.7443609022556391,
            "precision_sequential": 0.7004716981132075,
            "recall_sequential": 0.781578947368421,
            "f1_sequential": 0.7388059701492536,
            "support": 380
        },
        "comp.os": {
            "precision_ilp": 0.6513994910941476,
            "recall_ilp": 0.6937669376693767,
            "f1_ilp": 0.6719160104986878,
            "precision_normal": 0.6623711340206185,
            "recall_normal": 0.6964769647696477,
            "f1_normal": 0.678996036988111,
            "precision_sequential": 0.648854961832061,
            "recall_sequential": 0.6910569105691057,
            "f1_sequential": 0.6692913385826771,
            "support": 369
        },
        "comp.graphics": {
            "precision_ilp": 0.7728706624605678,
            "recall_ilp": 0.6621621621621622,
            "f1_ilp": 0.7132459970887919,
            "precision_normal": 0.7802547770700637,
            "recall_normal": 0.6621621621621622,
            "f1_normal": 0.716374269005848,
            "precision_sequential": 0.76875,
            "recall_sequential": 0.6648648648648648,
            "f1_sequential": 0.7130434782608696,
            "support": 370
        },
        "rec.motorcycles": {
            "precision_ilp": 0.8857142857142857,
            "recall_ilp": 0.6869806094182825,
            "f1_ilp": 0.7737909516380654,
            "precision_normal": 0.8888888888888888,
            "recall_normal": 0.6869806094182825,
            "f1_normal": 0.7749999999999999,
            "precision_sequential": 0.8857142857142857,
            "recall_sequential": 0.6869806094182825,
            "f1_sequential": 0.7737909516380654,
            "support": 361
        },
        "comp.sys": {
            "precision_ilp": 0.7152777777777778,
            "recall_ilp": 0.8408163265306122,
            "f1_ilp": 0.7729831144465291,
            "precision_normal": 0.6998880179171333,
            "recall_normal": 0.8503401360544217,
            "f1_normal": 0.7678132678132679,
            "precision_sequential": 0.7283511269276394,
            "recall_sequential": 0.8353741496598639,
            "f1_sequential": 0.7782002534854245,
            "support": 735
        },
        "misc.forsale": {
            "precision_ilp": 0.7334963325183375,
            "recall_ilp": 0.8152173913043478,
            "f1_ilp": 0.7722007722007723,
            "precision_normal": 0.7412935323383084,
            "recall_normal": 0.8097826086956522,
            "f1_normal": 0.774025974025974,
            "precision_sequential": 0.7248803827751196,
            "recall_sequential": 0.8233695652173914,
            "f1_sequential": 0.7709923664122138,
            "support": 368
        },
        "sci.space": {
            "precision_ilp": 0.8246575342465754,
            "recall_ilp": 0.8179347826086957,
            "f1_ilp": 0.8212824010914053,
            "precision_normal": 0.8269230769230769,
            "recall_normal": 0.8179347826086957,
            "f1_normal": 0.8224043715846996,
            "precision_sequential": 0.8246575342465754,
            "recall_sequential": 0.8179347826086957,
            "f1_sequential": 0.8212824010914053,
            "support": 368
        },
        "sci.crypt": {
            "precision_ilp": 0.7256410256410256,
            "recall_ilp": 0.7861111111111111,
            "f1_ilp": 0.7546666666666667,
            "precision_normal": 0.7413333333333333,
            "recall_normal": 0.7722222222222223,
            "f1_normal": 0.7564625850340135,
            "precision_sequential": 0.7075,
            "recall_sequential": 0.7861111111111111,
            "f1_sequential": 0.7447368421052631,
            "support": 360
        },
        "rec.sport": {
            "precision_ilp": 0.9829302987197724,
            "recall_ilp": 0.928763440860215,
            "f1_ilp": 0.9550794747753973,
            "precision_normal": 0.9774647887323944,
            "recall_normal": 0.9327956989247311,
            "f1_normal": 0.954607977991747,
            "precision_sequential": 0.9871060171919771,
            "recall_sequential": 0.9260752688172043,
            "f1_sequential": 0.9556171983356448,
            "support": 744
        },
        "sci.electronics": {
            "precision_ilp": 0.6853932584269663,
            "recall_ilp": 0.4986376021798365,
            "f1_ilp": 0.5772870662460567,
            "precision_normal": 0.690566037735849,
            "recall_normal": 0.4986376021798365,
            "f1_normal": 0.5791139240506329,
            "precision_sequential": 0.6840148698884758,
            "recall_sequential": 0.5013623978201635,